{"cameraMode":{"drawMode":0,"name":"Shaded","section":"Shading Mode"},"sceneLighting":true,"audioPlay":false,"sceneViewState":{"showFog":true,"showMaterialUpdate":false,"showSkybox":true,"showFlares":true,"showImageEffects":true,"showParticleSystems":true},"in2DMode":false,"pivot":{"x":-6.034458160400391,"y":2.40966796875,"z":1.9015839099884034},"rotation":{"x":0.09060824662446976,"y":-0.7287697792053223,"z":0.09831421822309494,"w":0.671598494052887},"size":45.26822280883789,"orthographic":false}