{"cameraMode":{"drawMode":0,"name":"Shaded","section":"Shading Mode"},"sceneLighting":true,"audioPlay":false,"sceneViewState":{"showFog":true,"showMaterialUpdate":false,"showSkybox":true,"showFlares":true,"showImageEffects":true,"showParticleSystems":true},"in2DMode":false,"pivot":{"x":3.2377567291259767,"y":6.3598222732543949,"z":6.20101261138916},"rotation":{"x":-0.15845149755477906,"y":0.837012529373169,"z":-0.31966012716293337,"w":-0.4149053692817688},"size":23.738183975219728,"orthographic":false}