{"cameraMode":{"drawMode":0,"name":"Shaded","section":"Shading Mode"},"sceneLighting":true,"audioPlay":false,"sceneViewState":{"showFog":true,"showMaterialUpdate":false,"showSkybox":true,"showFlares":true,"showImageEffects":true,"showParticleSystems":true},"in2DMode":false,"pivot":{"x":0.5848327279090881,"y":-0.13129857182502747,"z":2.7440860271453859},"rotation":{"x":0.1525329202413559,"y":-0.8246825337409973,"z":0.2640766203403473,"w":0.4763467013835907},"size":22.613521575927736,"orthographic":false}