{"cameraMode":{"drawMode":0,"name":"Shaded","section":"Shading Mode"},"sceneLighting":false,"audioPlay":false,"sceneViewState":{"showFog":true,"showMaterialUpdate":false,"showSkybox":false,"showFlares":true,"showImageEffects":true,"showParticleSystems":true},"in2DMode":false,"pivot":{"x":585.58984375,"y":273.49517822265627,"z":130.12217712402345},"rotation":{"x":-0.3268549144268036,"y":0.04165709391236305,"z":-0.014422831125557423,"w":-0.944047749042511},"size":758.7025146484375,"orthographic":false}