{"cameraMode":{"drawMode":0,"name":"Shaded","section":"Shading Mode"},"sceneLighting":true,"audioPlay":false,"sceneViewState":{"showFog":true,"showMaterialUpdate":false,"showSkybox":true,"showFlares":true,"showImageEffects":true,"showParticleSystems":true},"in2DMode":false,"pivot":{"x":1.9595184326171876,"y":1.2226319313049317,"z":2.7589516639709474},"rotation":{"x":0.24355420470237733,"y":-0.6284731030464172,"z":0.21675293147563935,"w":0.7062403559684753},"size":10.59751033782959,"orthographic":false}