{"cameraMode":{"drawMode":0,"name":"Shaded","section":"Shading Mode"},"sceneLighting":false,"audioPlay":false,"sceneViewState":{"showFog":true,"showMaterialUpdate":false,"showSkybox":false,"showFlares":true,"showImageEffects":true,"showParticleSystems":true},"in2DMode":false,"pivot":{"x":-0.6864423751831055,"y":-0.7480511665344238,"z":5.901259899139404},"rotation":{"x":0.17898185551166535,"y":-0.7515472173690796,"z":0.22681722044944764,"w":0.5930902361869812},"size":15.574590682983399,"orthographic":false}