{"cameraMode":{"drawMode":0,"name":"Shaded","section":"Shading Mode"},"sceneLighting":true,"audioPlay":false,"sceneViewState":{"showFog":true,"showMaterialUpdate":false,"showSkybox":true,"showFlares":true,"showImageEffects":true,"showParticleSystems":true},"in2DMode":false,"pivot":{"x":-207.29827880859376,"y":-142.28604125976563,"z":-54.22605514526367},"rotation":{"x":0.17255444824695588,"y":-0.7646064162254334,"z":0.22849971055984498,"w":0.5774006843566895},"size":300.8814697265625,"orthographic":false}