{"cameraMode":{"drawMode":0,"name":"Shaded","section":"Shading Mode"},"sceneLighting":true,"audioPlay":false,"sceneViewState":{"showFog":true,"showMaterialUpdate":false,"showSkybox":true,"showFlares":true,"showImageEffects":true,"showParticleSystems":true},"in2DMode":false,"pivot":{"x":-0.803523063659668,"y":-0.010755538940429688,"z":2.6856250762939455},"rotation":{"x":0.14099863171577454,"y":-0.8584263324737549,"z":0.331371009349823,"w":0.3652626872062683},"size":21.553367614746095,"orthographic":false}