{"cameraMode":{"drawMode":0,"name":"Shaded","section":"Shading Mode"},"sceneLighting":true,"audioPlay":false,"sceneViewState":{"showFog":true,"showMaterialUpdate":false,"showSkybox":true,"showFlares":true,"showImageEffects":true,"showParticleSystems":true},"in2DMode":false,"pivot":{"x":1.4564354419708253,"y":-0.9586353302001953,"z":0.4511890411376953},"rotation":{"x":0.3096153438091278,"y":-0.0783301293849945,"z":0.02560214325785637,"w":0.9472894072532654},"size":29.38797950744629,"orthographic":false}