{"cameraMode":{"drawMode":0,"name":"Shaded","section":"Shading Mode"},"sceneLighting":true,"audioPlay":false,"sceneViewState":{"showFog":true,"showMaterialUpdate":false,"showSkybox":true,"showFlares":true,"showImageEffects":true,"showParticleSystems":true},"in2DMode":false,"pivot":{"x":-2.138193130493164,"y":-3.639589309692383,"z":-3.138467788696289},"rotation":{"x":0.11633553355932236,"y":-0.8703442215919495,"z":0.24707409739494325,"w":0.40984317660331728},"size":39.915069580078128,"orthographic":false}