{"cameraMode":{"drawMode":0,"name":"Shaded","section":"Shading Mode"},"sceneLighting":false,"audioPlay":false,"sceneViewState":{"showFog":true,"showMaterialUpdate":false,"showSkybox":false,"showFlares":true,"showImageEffects":true,"showParticleSystems":true},"in2DMode":false,"pivot":{"x":-2.056497573852539,"y":8.988807678222657,"z":17.214797973632814},"rotation":{"x":0.2349746823310852,"y":-0.16812628507614137,"z":0.04129889979958534,"w":0.9564661979675293},"size":12.61655330657959,"orthographic":false}