{"cameraMode":{"drawMode":0,"name":"Shaded","section":"Shading Mode"},"sceneLighting":true,"audioPlay":false,"sceneViewState":{"showFog":true,"showMaterialUpdate":false,"showSkybox":true,"showFlares":true,"showImageEffects":true,"showParticleSystems":true},"in2DMode":false,"pivot":{"x":-3.650480270385742,"y":-5.4007768630981449,"z":-0.14650821685791017},"rotation":{"x":-0.17622987926006318,"y":0.8071953058242798,"z":-0.297221839427948,"w":-0.4786035716533661},"size":34.982879638671878,"orthographic":false}