{"cameraMode":{"drawMode":0,"name":"Shaded","section":"Shading Mode"},"sceneLighting":true,"audioPlay":false,"sceneViewState":{"showFog":true,"showMaterialUpdate":false,"showSkybox":true,"showFlares":true,"showImageEffects":true,"showParticleSystems":true},"in2DMode":false,"pivot":{"x":-3.8790502548217775,"y":7.0730390548706059,"z":1.7135391235351563},"rotation":{"x":0.08117317408323288,"y":-0.7251034379005432,"z":0.08677154034376145,"w":0.678345799446106},"size":38.75801467895508,"orthographic":false}