{"cameraMode":{"drawMode":0,"name":"Shaded","section":"Shading Mode"},"sceneLighting":true,"audioPlay":false,"sceneViewState":{"showFog":true,"showMaterialUpdate":false,"showSkybox":true,"showFlares":true,"showImageEffects":true,"showParticleSystems":true},"in2DMode":false,"pivot":{"x":-1.9896310567855836,"y":-1.3844847679138184,"z":6.285632133483887},"rotation":{"x":0.16646072268486024,"y":-0.7965284585952759,"z":0.25348907709121706,"w":0.5231084227561951},"size":31.551044464111329,"orthographic":false}