{"cameraMode":{"drawMode":0,"name":"Shaded","section":"Shading Mode"},"sceneLighting":true,"audioPlay":false,"sceneViewState":{"showFog":true,"showMaterialUpdate":false,"showSkybox":true,"showFlares":true,"showImageEffects":true,"showParticleSystems":true},"in2DMode":false,"pivot":{"x":1.7588040828704835,"y":0.5668883919715881,"z":8.265844345092774},"rotation":{"x":0.22093820571899415,"y":-0.6951994895935059,"z":0.23976415395736695,"w":0.6406649947166443},"size":17.19820213317871,"orthographic":false}