{"cameraMode":{"drawMode":0,"name":"Shaded","section":"Shading Mode"},"sceneLighting":true,"audioPlay":false,"sceneViewState":{"showFog":true,"showMaterialUpdate":false,"showSkybox":true,"showFlares":true,"showImageEffects":true,"showParticleSystems":true},"in2DMode":false,"pivot":{"x":0.7005578279495239,"y":-1.9245601892471314,"z":-3.098173141479492},"rotation":{"x":-0.07165919244289398,"y":0.9278185367584229,"z":-0.24216574430465699,"w":-0.27455002069473269},"size":26.19598388671875,"orthographic":false}