{"cameraMode":{"drawMode":0,"name":"Shaded","section":"Shading Mode"},"sceneLighting":true,"audioPlay":false,"sceneViewState":{"showFog":true,"showMaterialUpdate":false,"showSkybox":true,"showFlares":true,"showImageEffects":true,"showParticleSystems":true},"in2DMode":false,"pivot":{"x":-2.8598833084106447,"y":-5.306385040283203,"z":0.6421213150024414},"rotation":{"x":-0.16066321730613709,"y":0.8348028659820557,"z":-0.3216879665851593,"w":-0.416933536529541},"size":30.91729164123535,"orthographic":false}