{"cameraMode":{"drawMode":0,"name":"Shaded","section":"Shading Mode"},"sceneLighting":true,"audioPlay":false,"sceneViewState":{"showFog":true,"showMaterialUpdate":false,"showSkybox":true,"showFlares":true,"showImageEffects":true,"showParticleSystems":true},"in2DMode":false,"pivot":{"x":-14.381355285644532,"y":-6.697934150695801,"z":0.8015755414962769},"rotation":{"x":0.1598309576511383,"y":-0.7274453639984131,"z":0.1810263693332672,"w":0.6422713398933411},"size":42.623802185058597,"orthographic":false}