{"cameraMode":{"drawMode":0,"name":"Shaded","section":"Shading Mode"},"sceneLighting":true,"audioPlay":false,"sceneViewState":{"showFog":true,"showMaterialUpdate":false,"showSkybox":true,"showFlares":true,"showImageEffects":true,"showParticleSystems":true},"in2DMode":false,"pivot":{"x":-3.045787811279297,"y":-3.0505008697509767,"z":-0.7947006225585938},"rotation":{"x":0.2462969869375229,"y":-0.536655843257904,"z":0.16741837561130525,"w":0.7894999980926514},"size":33.05152130126953,"orthographic":false}