{"cameraMode":{"drawMode":0,"name":"Shaded","section":"Shading Mode"},"sceneLighting":false,"audioPlay":false,"sceneViewState":{"showFog":true,"showMaterialUpdate":false,"showSkybox":false,"showFlares":true,"showImageEffects":true,"showParticleSystems":true},"in2DMode":false,"pivot":{"x":-8.329999923706055,"y":1.3300000429153443,"z":0.019999980926513673},"rotation":{"x":-0.1270778477191925,"y":0.7613069415092468,"z":-0.15701782703399659,"w":-0.6161277294158936},"size":4.630305767059326,"orthographic":false}